<?xml version="1.0" encoding="UTF-8"?>
<!-- Foundation -->
<window id="2006">
    <onload>SetProperty(ShowTopbar,0,Home)</onload>
    <onload>ClearProperty(ViewType,Home)</onload>
    <controls>
        <control type="visualisation" id="2">
            <visible>Skin.HasSetting(OSDVisualisation.ShowFanart) | [!Skin.HasSetting(musicvis.fanartfallback) + [!System.HasAddon(script.artistslideshow) | Skin.HasSetting(ArtistSlideShow.Disabled)]]</visible>
            <description>visualisation</description>
            <include>Dimensions_Fullscreen</include>
            <include>Animation_FadeIn</include>
            <include>Animation_FadeOut</include>
        </control>
        
        <control type="multiimage">
            <aspectratio>scale</aspectratio>
            <include>Dimensions_Fullscreen</include>
            <timeperimage>10000</timeperimage>
            <randomize>true</randomize>
            <fadetime>600</fadetime>
            <loop>true</loop>
            <imagepath background="true">$VAR[Image_ArtistFanartVis]</imagepath>
            <animation effect="fade" start="100" end="65" time="0" condition="Skin.HasSetting(OSDVisualisation.ShowFanart)">Conditional</animation>
            <animation effect="zoom" start="110" end="130" center="auto" time="10000" tween="sine" easing="inout" pulse="true" condition="Skin.HasSetting(ArtistSlideshow.Animate)">Conditional</animation>
            <animation effect="slide" start="-30,-30" end="30,30" time="6000" tween="sine" easing="inout" pulse="true" condition="Skin.HasSetting(ArtistSlideshow.Animate)">Conditional</animation>
            <include>Animation_FadeIn</include>
            <include>Animation_FadeOut</include>
        </control>

        <control type="multiimage">
            <include>Dimensions_Fullscreen</include>
            <randomize>true</randomize>
            <timeperimage>4000</timeperimage>
            <fadetime>4000</fadetime>
            <pauseatend>0</pauseatend>
            <loop>true</loop>
            <imagepath background="true">special://skin/extras/backgrounds/music_colors</imagepath>
            <colordiffuse>9fffffff</colordiffuse>
            <include>Animation_FadeIn</include>
            <include>Animation_FadeOut</include>
            <visible>!Skin.HasSetting(HideOSDDiffuseColors)</visible>
        </control>

        <control type="group" id="3334">
            <top>-70</top>
            <visible>!Skin.HasSetting(HideOSDScrollingText)</visible>
            <visible>!Window.IsVisible(script-cu-lrclyrics-main.xml)</visible>
            <animation effect="fade" time="600" delay="600">Visible</animation>
            <animation effect="fade" time="600">Hidden</animation>
            <include>Animation_FadeIn</include>
            <include>Animation_FadeOut</include>
            <control type="label">
                <description>Now Playing</description>
                <left>0</left>
                <top>0</top>
                <width>2150</width>
                <label>$INFO[MusicPlayer.Title,  ,]$INFO[MusicPlayer.Title,  ,]$INFO[MusicPlayer.Title,  ,]$INFO[MusicPlayer.Title,  ,]$INFO[MusicPlayer.Title,  ,]$INFO[MusicPlayer.Title,  ,]$INFO[MusicPlayer.Title,  ,]$INFO[MusicPlayer.Title,  ,]$INFO[MusicPlayer.Title,  ,]$INFO[MusicPlayer.Title,  ,]$INFO[MusicPlayer.Title,  ,]$INFO[MusicPlayer.Title,  ,]$INFO[MusicPlayer.Title,  ,]$INFO[MusicPlayer.Title,  ,]$INFO[MusicPlayer.Title,  ,]$INFO[MusicPlayer.Title,  ,]$INFO[MusicPlayer.Title,  ,]$INFO[MusicPlayer.Title,  ,]$INFO[MusicPlayer.Title,  ,]$INFO[MusicPlayer.Title,  ,]$INFO[MusicPlayer.Title,  ,]$INFO[MusicPlayer.Title,  ,]$INFO[MusicPlayer.Title,  ,]$INFO[MusicPlayer.Title,  ,]$INFO[MusicPlayer.Title,  ,]</label>
                <scroll>true</scroll>
                <font>font_musicvis_biggest</font>
                <textcolor>77ffffff</textcolor>
                <align>left</align>
            </control>
            <control type="label">
                <description>Now Playing</description>
                <left>0</left>
                <top>100</top>
                <width>2150</width>
                <label>$INFO[MusicPlayer.Artist, ,]$INFO[MusicPlayer.Artist, ,]$INFO[MusicPlayer.Artist,,]$INFO[MusicPlayer.Artist,,]$INFO[MusicPlayer.Artist, ,]$INFO[MusicPlayer.Artist, ,]$INFO[MusicPlayer.Artist, ,]$INFO[MusicPlayer.Artist, ,]$INFO[MusicPlayer.Artist, ,]$INFO[MusicPlayer.Artist, ,]$INFO[MusicPlayer.Artist, ,]$INFO[MusicPlayer.Artist,,]$INFO[MusicPlayer.Artist,,]$INFO[MusicPlayer.Artist, ,]$INFO[MusicPlayer.Artist, ,]$INFO[MusicPlayer.Artist, ,]$INFO[MusicPlayer.Artist, ,]$INFO[MusicPlayer.Artist, ,]</label>
                <scroll>true</scroll>
                <font>font_musicvis_bigger</font>
                <textcolor>44cccccc</textcolor>
                <align>left</align>
                <scrollspeed>100</scrollspeed>
            </control>
            <control type="label">
                <description>Now Playing</description>
                <left>0</left>
                <top>200</top>
                <width>2150</width>
                <label>$INFO[MusicPlayer.Album, ,]$INFO[MusicPlayer.Album, ,]$INFO[MusicPlayer.Album, ,]$INFO[MusicPlayer.Album, ,]$INFO[MusicPlayer.Album, ,]$INFO[MusicPlayer.Album, ,]$INFO[MusicPlayer.Album, ,]$INFO[MusicPlayer.Album, ,]$INFO[MusicPlayer.Album, ,]$INFO[MusicPlayer.Album, ,]$INFO[MusicPlayer.Album, ,]$INFO[MusicPlayer.Album, ,]$INFO[MusicPlayer.Album, ,]$INFO[MusicPlayer.Album, ,]$INFO[MusicPlayer.Album, ,]$INFO[MusicPlayer.Album, ,]$INFO[MusicPlayer.Album, ,]$INFO[MusicPlayer.Album, ,]$INFO[MusicPlayer.Album, ,]$INFO[MusicPlayer.Album, ,]</label>
                <scroll>true</scroll>
                <font>font_musicvis_big</font>
                <textcolor>99cccccc</textcolor>
                <align>left</align>
                <scrollspeed>80</scrollspeed>
            </control>
        </control>
        <include condition="!Skin.HasSetting(BigMusicVis)">OSD_Music_Info</include>
        <include condition="Skin.HasSetting(BigMusicVis)">OSD_Music_Info_Big</include>
    </controls>
</window>
