<?xml version="1.0" encoding="UTF-8"?>
<!-- Foundation -->
<window id="12">
    <defaultcontrol always="true">3</defaultcontrol>
    <include>Defs_Settings_OnLoad</include>
    <onunload condition="!Skin.HasSetting(startup.init)">Skin.SetBool(startup.init)</onunload>
    <controls>

        <include>Global_Background</include>
        <include>View_Layout</include>

        <!-- GroupList -->
        <control type="group">
            <include>Dialog_Settings_Panel</include>
            <include>Animation_Home_Textbar_Slideover</include>
            <control type="group">
                <left>320</left>
                <right>-290</right>

                <control type="label">
                    <left>40</left>
                    <height>77</height>
                    <label>$INFO[Control.GetLabel(20),, $LOCALIZE[5]]</label>
                    <font>font_button</font>
                    <textcolor>main_fg_30</textcolor>
                </control>

                <control type="group">
                    <top>77</top>
                    <height>770</height>

                    <!-- Left Gradient Fade -->
                    <control type="image">
                        <top>0</top>
                        <height>77</height>
                        <width>450</width>
                        <texture colordiffuse="$VAR[ColorHighlight]">common/white.png</texture>
                        <visible>![Control.HasFocus(3901) | Control.HasFocus(3902) | Control.HasFocus(3903) | Control.HasFocus(300)] + !Control.HasFocus(20)</visible>
                        <animation effect="slide" end="0,77" condition="Integer.IsGreater(Container(3).Position,0)">Conditional</animation>
                        <animation effect="slide" end="0,77" condition="Integer.IsGreater(Container(3).Position,1)">Conditional</animation>
                        <animation effect="slide" end="0,77" condition="Integer.IsGreater(Container(3).Position,2)">Conditional</animation>
                        <animation effect="slide" end="0,77" condition="Integer.IsGreater(Container(3).Position,3)">Conditional</animation>
                        <animation effect="slide" end="0,77" condition="Integer.IsGreater(Container(3).Position,4)">Conditional</animation>
                        <animation effect="slide" end="0,77" condition="Integer.IsGreater(Container(3).Position,5)">Conditional</animation>
                        <animation effect="slide" end="0,77" condition="Integer.IsGreater(Container(3).Position,6)">Conditional</animation>
                        <animation effect="slide" end="0,77" condition="Integer.IsGreater(Container(3).Position,7)">Conditional</animation>
                        <animation effect="slide" end="0,77" condition="Integer.IsGreater(Container(3).Position,8)">Conditional</animation>
                    </control>

                    <!-- Right Gradient Fade -->
                    <control type="image">
                        <top>0</top>
                        <left>450</left>
                        <height>77</height>
                        <right>0</right>
                        <texture colordiffuse="$VAR[ColorHighlight]">common/white.png</texture>
                        <visible>ControlGroup(5).HasFocus()</visible>
                        <animation effect="slide" end="0,77" condition="Integer.IsGreater(Container(5).Position,0)">Conditional</animation>
                        <animation effect="slide" end="0,77" condition="Integer.IsGreater(Container(5).Position,1)">Conditional</animation>
                        <animation effect="slide" end="0,77" condition="Integer.IsGreater(Container(5).Position,2)">Conditional</animation>
                        <animation effect="slide" end="0,77" condition="Integer.IsGreater(Container(5).Position,3)">Conditional</animation>
                        <animation effect="slide" end="0,77" condition="Integer.IsGreater(Container(5).Position,4)">Conditional</animation>
                        <animation effect="slide" end="0,77" condition="Integer.IsGreater(Container(5).Position,5)">Conditional</animation>
                        <animation effect="slide" end="0,77" condition="Integer.IsGreater(Container(5).Position,6)">Conditional</animation>
                        <animation effect="slide" end="0,77" condition="Integer.IsGreater(Container(5).Position,7)">Conditional</animation>
                        <animation effect="slide" end="0,77" condition="Integer.IsGreater(Container(5).Position,8)">Conditional</animation>
                    </control>

                    <!-- Right Group -->
                    <control type="grouplist" id="5">
                        <description>Control Area</description>
                        <left>450</left>
                        <right>0</right>
                        <top>0</top>
                        <bottom>77</bottom>
                        <itemgap>0</itemgap>
                        <onleft>3</onleft>
                        <onup>5</onup>
                        <ondown>5</ondown>
                        <orientation>vertical</orientation>
                        <scrolltime>0</scrolltime>
                    </control>

                    <!-- Left Group -->
                    <control type="grouplist" id="3">
                        <description>Button Area</description>
                        <width>450</width>
                        <top>0</top>
                        <bottom>0</bottom>
                        <itemgap>0</itemgap>
                        <onright>5</onright>
                        <ondown>3</ondown>
                        <onup>3</onup>
                        <include>Defs_Settings_OnLeft</include>
                        <orientation>vertical</orientation>
                    </control>



                    <!-- Lines -->
                    <include>Defs_Settings_Line</include>

                    <!-- Arrows -->
                    <include content="Defs_Settings_Arrows">
                        <param name="id" value="5" />
                    </include>
                </control>

                <!-- Info -->
                <control type="grouplist">
                    <left>40</left>
                    <right>30</right>
                    <top>776</top>
                    <bottom>0</bottom>
                    <orientation>vertical</orientation>
                    <itemgap>0</itemgap>
                    <control type="label">
                        <height>50</height>
                        <label>$LOCALIZE[19033]</label>
                        <font>font_button</font>
                        <textcolor>main_fg_30</textcolor>
                    </control>
                    <control type="textbox" id="6">
                        <height>64</height>
                        <font>font_tiny</font>
                        <textcolor>main_fg_70</textcolor>
                    </control>
                </control>
            </control>
        </control>

        <include>Topbar</include>
        <include>Home</include>

        <control type="button" id="20">
            <onclick>SettingsLevelChange</onclick>
            <include>Defs_Hidden_Button</include>
        </control>

        <control type="button" id="7">
            <description>Default Button</description>
            <include>Defs_Settings_Button</include>
        </control>

        <control type="radiobutton" id="8">
            <description>Default Radio Button</description>
            <include>Defs_Settings_Button</include>
        </control>

        <control type="spincontrolex" id="9">
            <description>Default Spin Control</description>
            <include>Defs_Settings_Button</include>
        </control>

        <control type="togglebutton" id="10">
            <width>450</width>
            <description>Default Category Button</description>
            <include>Defs_Settings_Button</include>
        </control>

        <control type="label" id="14">
            <textoffsetx>40</textoffsetx>
            <font>font_button</font>
            <textcolor>main_fg_30</textcolor>
            <include>Defs_Settings_Button</include>
        </control>

    </controls>

</window>
